Time,SensorID,RadarID,TOA,Amplitude,Frequency,PulseWidth,AOA
0.1,Sensor1,Radar1,0.10000470670294993,-59.4427092973205,9401091250.937277,9400000000.0,44.905165408857556
