Time,SensorID,RadarID,TOA,Amplitude,Frequency,PulseWidth,AOA
0.1,Sensor1,Radar1,0.10000470917397887,-58.92269181989356,9400575593.01159,9400000000.0,45.07860297400052
0.1,Sensor2,Radar1,0.10001414229544903,-68.92150559533084,9399231104.070093,9400000000.0,45.01355987965918
0.5,Sensor1,Radar1,0.5000046707835817,-58.73448273845468,9402053734.88797,9400000000.0,45.10214599828298
0.5,Sensor2,Radar1,0.5000141048390718,-68.90137124581334,9399835232.993484,9400000000.0,45.01568479110108
1.3,Sensor1,Radar1,1.3000045952449508,-58.64120857880903,9400917542.931938,9400000000.0,45.1714715944026
1.3,Sensor2,Radar1,1.3000140302982055,-68.73816317610755,9399518032.051886,9400000000.0,45.031499828705776
4.5,Sensor1,Radar1,4.500004235232964,-55.026539801862555,9399326647.09133,9400000000.0,45.903652458256204
4.5,Sensor2,Radar1,4.5000137271767775,-68.25269604631879,9399776028.511728,9400000000.0,44.936788825158146
